,total_utility,max_utility,min_utility,sharing_incentive,non_interference
uni_ind,39935.99999999999,39167.99999999999,767.9999999999999,True,
uni_inter,918.7132705888598,918.7132705888598,918.7132705888598,,True
fdiff_ind,39935.99999999999,39167.99999999999,767.9999999999999,True,
fdiff_inter,1031.796832730322,1031.796832730322,1031.796832730322,,True
fmax_ind,39935.99999999999,39167.99999999999,767.9999999999999,True,
fmax_inter,1647.5998470602594,1647.5998470602594,1647.5998470602594,,True
fsum_ind,39935.99999999999,39167.99999999999,767.9999999999999,True,
fsum_inter,923.1541995548969,923.1541995548969,923.1541995548969,,True
